{
    "format": 1, 
    "instruments": [], 
    "resolution": 1000, 
    "channels": [], 
    "tracks": [
        {
            "channels": [], 
            "instruments": [], 
            "type": "TrackObj", 
            "seq": [
                [
                    0.0, 
                    [
                        {
                            "pitch": 50, 
                            "t0": 0.0, 
                            "v": 90, 
                            "dur": 300.0, 
                            "type": "note", 
                            "channel": 0
                        }
                    ]
                ], 
                [
                    429.4620101463266, 
                    [
                        {
                            "pitch": 51, 
                            "t0": 429.4620101463266, 
                            "v": 60, 
                            "dur": 149.99999999999994, 
                            "type": "note", 
                            "channel": 0
                        }
                    ]
                ], 
                [
                    1679.2865520065166, 
                    [
                        {
                            "pitch": 52, 
                            "t0": 1679.2865520065166, 
                            "v": 70, 
                            "dur": 150.0, 
                            "type": "note", 
                            "channel": 0
                        }
                    ]
                ], 
                [
                    2482.233925343356, 
                    [
                        {
                            "pitch": 53, 
                            "t0": 2482.233925343356, 
                            "v": 70, 
                            "dur": 300.0, 
                            "type": "note", 
                            "channel": 0
                        }
                    ]
                ], 
                [
                    3262.5600276923974, 
                    [
                        {
                            "pitch": 50, 
                            "t0": 3262.5600276923974, 
                            "v": 90, 
                            "dur": 300.0, 
                            "type": "note", 
                            "channel": 0
                        }
                    ]
                ], 
                [
                    3644.631530496331, 
                    [
                        {
                            "pitch": 51, 
                            "t0": 3644.631530496331, 
                            "v": 60, 
                            "dur": 150.0, 
                            "type": "note", 
                            "channel": 0
                        }
                    ]
                ], 
                [
                    4760.2082581168415, 
                    [
                        {
                            "pitch": 52, 
                            "t0": 4760.2082581168415, 
                            "v": 70, 
                            "dur": 150.0, 
                            "type": "note", 
                            "channel": 0
                        }
                    ]
                ], 
                [
                    5479.722602155168, 
                    [
                        {
                            "pitch": 53, 
                            "t0": 5479.722602155168, 
                            "v": 70, 
                            "dur": 300.0, 
                            "type": "note", 
                            "channel": 0
                        }
                    ]
                ], 
                [
                    6181.019421837357, 
                    [
                        {
                            "pitch": 50, 
                            "t0": 6181.019421837357, 
                            "v": 90, 
                            "dur": 300.0, 
                            "type": "note", 
                            "channel": 0
                        }
                    ]
                ], 
                [
                    6525.120055384795, 
                    [
                        {
                            "pitch": 51, 
                            "t0": 6525.120055384795, 
                            "v": 60, 
                            "dur": 150.0, 
                            "type": "note", 
                            "channel": 0
                        }
                    ]
                ], 
                [
                    7532.494517352198, 
                    [
                        {
                            "pitch": 52, 
                            "t0": 7532.494517352198, 
                            "v": 70, 
                            "dur": 150.0, 
                            "type": "note", 
                            "channel": 0
                        }
                    ]
                ], 
                [
                    8184.283290280281, 
                    [
                        {
                            "pitch": 53, 
                            "t0": 8184.283290280281, 
                            "v": 70, 
                            "dur": 299.9999999999991, 
                            "type": "note", 
                            "channel": 0
                        }
                    ]
                ], 
                [
                    8821.087077836108, 
                    [
                        {
                            "pitch": 50, 
                            "t0": 8821.087077836108, 
                            "v": 90, 
                            "dur": 300.0, 
                            "type": "note", 
                            "channel": 0
                        }
                    ]
                ], 
                [
                    9134.081874554837, 
                    [
                        {
                            "pitch": 51, 
                            "t0": 9134.081874554837, 
                            "v": 60, 
                            "dur": 150.0, 
                            "type": "note", 
                            "channel": 0
                        }
                    ]
                ], 
                [
                    10052.389556294649, 
                    [
                        {
                            "pitch": 52, 
                            "t0": 10052.389556294649, 
                            "v": 70, 
                            "dur": 150.0, 
                            "type": "note", 
                            "channel": 0
                        }
                    ]
                ], 
                [
                    10648.105952210637, 
                    [
                        {
                            "pitch": 53, 
                            "t0": 10648.105952210637, 
                            "v": 70, 
                            "dur": 300.0, 
                            "type": "note", 
                            "channel": 0
                        }
                    ]
                ], 
                [
                    11231.280013846199, 
                    [
                        {
                            "pitch": 50, 
                            "t0": 11231.280013846199, 
                            "v": 90, 
                            "dur": 300.0, 
                            "type": "note", 
                            "channel": 0
                        }
                    ]
                ], 
                [
                    11518.326569992852, 
                    [
                        {
                            "pitch": 51, 
                            "t0": 11518.326569992852, 
                            "v": 60, 
                            "dur": 150.0, 
                            "type": "note",