{
   "View4": {
      "position": {
         "y": 2896.813986869436, 
         "x": 48.31256987417105, 
         "z": -11.116977555348598
      }, 
      "rotation": {
         "_order": "XYZ", 
         "_z": 1.1113239670543025, 
         "_y": 8.962861670626188e-07, 
         "_x": -1.5707958657486127
      }, 
      "name": "View4"
   }, 
   "View5": {
      "position": {
         "y": 662.3728115338691, 
         "x": 2.8855741150662393, 
         "z": 1.03001407437127
      }, 
      "rotation": {
         "_order": "XYZ", 
         "_z": 1.1006023821602955, 
         "_y": 9.071956696972273e-07, 
         "_x": -1.5707958729282492
      }, 
      "name": "View5"
   }, 
   "View6": {
      "position": {
         "y": 513.5079144101521, 
         "x": 1.7333707801396057, 
         "z": 0.3324699841756167
      }, 
      "rotation": {
         "_order": "XYZ", 
         "_z": 2.740311200566635, 
         "_y": -0.9597395133421875, 
         "_x": 2.663609733782597
      }, 
      "name": "View6"
   }, 
   "View7": {
      "position": {
         "y": 435.38994630932547, 
         "x": 154.3903286592831, 
         "z": 326.0875324072328
      }, 
      "rotation": {
         "_order": "XYZ", 
         "_z": 0.19731208768591255, 
         "_y": 0.3511800037037321, 
         "_x": -0.5264310303053024
      }, 
      "name": "View7"
   }, 
   "View1": {
      "position": {
         "y": 50.00000000000012, 
         "x": 0, 
         "z": 1500
      }, 
      "rotation": {
         "_order": "XYZ", 
         "_z": 0, 
         "_y": 0, 
         "_x": -0.03332099736753617
      }, 
      "name": "View1"
   }, 
   "View2": {
      "position": {
         "y": 1100.253547947778, 
         "x": 383.53308284371025, 
         "z": 1013.9947506869686
      }, 
      "rotation": {
         "_order": "XYZ", 
         "_z": 0.01706515358622318, 
         "_y": 0.017375255673327785, 
         "_x": -0.7764680133145866
      }, 
      "name": "View2"
   }, 
   "View3": {
      "position": {
         "y": 1027.8104153206352, 
         "x": 1855.623669339618, 
         "z": 1074.199679428479
      }, 
      "rotation": {
         "_order": "XYZ", 
         "_z": 0.3582457702538636, 
         "_y": 1.0080140664111592, 
         "_x": -0.4167442382799762
      }, 
      "name": "View3"
   }, 
   "View8": {
      "position": {
         "y": 253.7441423052724, 
         "x": 3.8136438973048143, 
         "z": 10.211325129332636
      }, 
      "rotation": {
         "_order": "XYZ", 
         "_z": 0.011873869626116694, 
         "_y": 0.13649429834707483, 
         "_x": -0.08704598014289926
      }, 
      "name": "View8"
   }, 
   "View9": {
      "position": {
         "y": 277.9028588000844, 
         "x": -5.634474264857772, 
         "z": 9.405693592524699
      }, 
      "rotation": {
         "_order": "XYZ", 
         "_z": 0.011873869626116694, 
         "_y": 0.13649429834707483, 
         "_x": -0.08704598014289926
      }, 
      "name": "View9"
   }, 
   "View10": {
      "position": {
         "y": 299.3219268854358, 
         "x": -6.13501510231044, 
         "z": 7.605536282624485
      }, 
      "rotation": {
         "_order": "XYZ", 
         "_z": 0.011873869626116694, 
         "_y": 0.13649429834707483, 
         "_x": -0.08704598014289926
      }, 
      "name": "View10"
   }, 
   "View11": {
      "position": {
         "y": 331.20146986279644, 
         "x": 0.9179406230910985, 
         "z": 3.8511270363093217
      }, 
      "rotation": {
         "_order": "XYZ", 
         "_z": 0.011873869626116694, 
         "_y": 0.13649429834707483, 
         "_x": -0.08704598014289926
      }, 
      "name": "View11"
   }
}