{
   "Above Amsterdam": {
      "position": {
         "y": 59623.29007949733, 
         "x": 48734.105899448885, 
         "z": -4164.039790398247
      }, 
      "rotation": {
         "_order": "XYZ", 
         "_z": 1.680865723178291, 
         "_y": 0.6840493833729497, 
         "_x": -1.640522257048207
      }, 
      "name": "Above Amsterdam"
   }, 
   "Home": {
      "position": {
         "y": 129175.42425517525, 
         "x": 124109.79081003644, 
         "z": 123671.9406427692
      }, 
      "rotation": {
         "_order": "XYZ", 
         "_z": 0.520351560674396, 
         "_y": 0.6093327973138641, 
         "_x": -0.7860165686695503
      }, 
      "name": "Home"
   }, 
   "Above North Pole": {
      "position": {
         "y": 125831.90354253708, 
         "x": -6597.6862006787105, 
         "z": 11137.076404711072
      }, 
      "rotation": {
         "_order": "XYZ", 
         "_z": -0.5440386748119905, 
         "_y": -0.052923462917520314, 
         "_x": -1.4835725189816882
      }, 
      "name": "Above North Pole"
   }, 
   "Above SF": {
      "position": {
         "y": 44633.55384738927, 
         "x": -35547.54367756481, 
         "z": 51879.73301667431
      }, 
      "rotation": {
         "_order": "XYZ", 
         "_z": -0.37754122392875855, 
         "_y": -0.47906096553559807, 
         "_x": -0.7104591104253558
      }, 
      "name": "Above SF"
   }, 
   "middle earth": {
      "position": {
         "y": 50.00000000000015, 
         "x": 0, 
         "z": 1500
      }, 
      "rotation": {
         "_order": "XYZ", 
         "_z": 0, 
         "_y": 0, 
         "_x": -0.03332099736753617
      }, 
      "name": "middle earth"
   }
}