{
   "Above Amsterdam": {
      "position": {
         "y": 59623.29007949733, 
         "x": 48734.105899448885, 
         "z": -4164.039790398247
      }, 
      "rotation": {
         "_order": "XYZ", 
         "_z": 1.680865723178291, 
         "_y": 0.6840493833729497, 
         "_x": -1.640522257048207
      }, 
      "name": "Above Amsterdam"
   }, 
   "Home": {
      "position": {
         "y": 44678.13771303671, 
         "x": -35583.09146984809, 
         "z": 51930.11310202727
      }, 
      "rotation": {
         "_order": "XYZ", 
         "_z": -0.377918767793064, 
         "_y": -0.47954002985149996, 
         "_x": -0.7111362532740546
      }, 
      "name": "Home"
   }, 
   "Above SF": {
      "position": {
         "y": 44633.55384738927, 
         "x": -35547.54367756481, 
         "z": 51879.73301667431
      }, 
      "rotation": {
         "_order": "XYZ", 
         "_z": -0.37754122392875855, 
         "_y": -0.47906096553559807, 
         "_x": -0.7104591104253558
      }, 
      "name": "Above SF"
   }, 
   "middle earth": {
      "position": {
         "y": 50.00000000000015, 
         "x": 0, 
         "z": 1500
      }, 
      "rotation": {
         "_order": "XYZ", 
         "_z": 0, 
         "_y": 0, 
         "_x": -0.03332099736753617
      }, 
      "name": "middle earth"
   }
}