{
   "Closer": {
      "position": {
         "y": 540.8546815317595, 
         "x": 164.82347048961526, 
         "z": 879.4274890120472
      }, 
      "rotation": {
         "_order": "XYZ", 
         "_z": 0.06687296526276287, 
         "_y": 0.1738595593078601, 
         "_x": -0.36938841352931295
      }, 
      "name": "Closer"
   }, 
   "3 Looking Out": {
      "position": {
         "y": 327.0923774434249, 
         "x": 0.1718662744538193, 
         "z": -0.6271813764427634
      }, 
      "rotation": {
         "_order": "XYZ", 
         "_z": 3.1094795955712704, 
         "_y": 0.2521234594718637, 
         "_x": -3.0135233424644157
      }, 
      "name": "3 Looking Out"
   }, 
   "2 Looking Down": {
      "position": {
         "y": 307.5732224289529, 
         "x": 0.16705334154989282, 
         "z": -0.5609064681135492
      }, 
      "rotation": {
         "_order": "XYZ", 
         "_z": 2.8521307193988337, 
         "_y": 0.0005431403673009705, 
         "_x": -1.5726199720715663
      }, 
      "name": "2 Looking Down"
   }, 
   "3 Looking Down": {
      "position": {
         "y": 327.09237744342687, 
         "x": 0.1718666546016194, 
         "z": -0.627183933470159
      }, 
      "rotation": {
         "_order": "XYZ", 
         "_z": -0.14623790274070808, 
         "_y": -1.4571716633327065e-07, 
         "_x": -1.570795346643143
      }, 
      "name": "3 Looking Down"
   }, 
   "Hurricane": {
      "position": {
         "y": 25563.933824165375, 
         "x": 1.769877862516664, 
         "z": -6.448128346175224
      }, 
      "rotation": {
         "_order": "XYZ", 
         "_z": 2.873710063634094, 
         "_y": 6.925736675918966e-05, 
         "_x": -1.5710486617876693
      }, 
      "name": "Hurricane"
   }, 
   "Hurricane Base": {
      "position": {
         "y": 6205.820240124473, 
         "x": 0.4291658855004804, 
         "z": -1.563573594434353
      }, 
      "rotation": {
         "_order": "XYZ", 
         "_z": 2.873710063634094, 
         "_y": 6.925736675918966e-05, 
         "_x": -1.5710486617876693
      }, 
      "name": "Hurricane Base"
   }, 
   "Start": {
      "position": {
         "y": 872.7012337173859, 
         "x": 423.3072908986723, 
         "z": 2096.2606015582105
      }, 
      "rotation": {
         "_order": "XYZ", 
         "_z": 0.06748625932082496, 
         "_y": 0.17321580099119652, 
         "_x": -0.3737283459358312
      }, 
      "name": "Start"
   }, 
   "Above": {
      "position": {
         "y": 2498.0271995027592, 
         "x": 0.17155031198672052, 
         "z": -0.6250361705987892
      }, 
      "rotation": {
         "_order": "XYZ", 
         "_z": -0.14623790274070808, 
         "_y": -1.4571716633327065e-07, 
         "_x": -1.570795346643143
      }, 
      "name": "Above"
   }, 
   "Look at 2": {
      "position": {
         "y": 284.70013910295194, 
         "x": 62.629005812240564, 
         "z": 316.62534384730344
      }, 
      "rotation": {
         "_order": "XYZ", 
         "_z": 0.03786135787732827, 
         "_y": 0.20934835989309883, 
         "_x": -0.18028917639459974
      }, 
      "name": "Look at 2"
   }, 
   "Home": {
      "position": {
         "y": 830.4332602194808, 
         "x": 397.98591686683557, 
         "z": 2117.5953106607863
      }, 
      "rotation": {
         "_order": "XYZ", 
         "_z": 0.06748625932082496, 
         "_y": 0.17321580099119652, 
         "_x": -0.3737283459358312
      }, 
      "name": "Home"
   }, 
   "Above Head Looking Down": {
      "position": {
         "y": 993.2222956496694, 
         "x": 0.06814210415896897, 
         "z": -0.24827233061214232
      }, 
      "rotation": {
         "_order": "XYZ", 
         "_z": 2.8737237575615784, 
         "_y": 6.861712614336586e-05, 
         "_x": -1.5710462790279744
      }, 
      "name": "Above Head Looking Down"
   }, 
   "2 Looking Out": {
      "position": {
         "y": 307.5276763812377, 
         "x": 0.16704211015043668, 
         "z": -0.5607518160877021
      }, 
      "rotation": {
         "_order": "XYZ", 
         "_z": 3.1344895942045476, 
         "_y": 0.10006821311472287, 
         "_x": -3.070610134556076
      }, 
      "name": "2 Looking Out"
   }
}