{
    "format": 1, 
    "instruments": [], 
    "resolution": 1000, 
    "channels": [], 
    "tracks": [
        {
            "channels": [], 
            "instruments": [], 
            "type": "TrackObj", 
            "seq": [
                [
                    0.0, 
                    [
                        {
                            "pitch": 50, 
                            "t0": 0.0, 
                            "v": 90, 
                            "dur": 300.0, 
                            "type": "note", 
                            "channel": 0
                        }
                    ]
                ], 
                [
                    852.367091682305, 
                    [
                        {
                            "pitch": 51, 
                            "t0": 852.367091682305, 
                            "v": 60, 
                            "dur": 150.0, 
                            "type": "note", 
                            "channel": 0
                        }
                    ]
                ], 
                [
                    3262.5600276923974, 
                    [
                        {
                            "pitch": 52, 
                            "t0": 3262.5600276923974, 
                            "v": 70, 
                            "dur": 150.0, 
                            "type": "note", 
                            "channel": 0
                        }
                    ]
                ], 
                [
                    4760.208258116842, 
                    [
                        {
                            "pitch": 53, 
                            "t0": 4760.208258116842, 
                            "v": 70, 
                            "dur": 300.0, 
                            "type": "note", 
                            "channel": 0
                        }
                    ]
                ], 
                [
                    6181.019421837356, 
                    [
                        {
                            "pitch": 50, 
                            "t0": 6181.019421837356, 
                            "v": 90, 
                            "dur": 300.0, 
                            "type": "note", 
                            "channel": 0
                        }
                    ]
                ], 
                [
                    6864.998488667206, 
                    [
                        {
                            "pitch": 51, 
                            "t0": 6864.998488667206, 
                            "v": 60, 
                            "dur": 150.0, 
                            "type": "note", 
                            "channel": 0
                        }
                    ]
                ], 
                [
                    8821.087077836106, 
                    [
                        {
                            "pitch": 52, 
                            "t0": 8821.087077836106, 
                            "v": 70, 
                            "dur": 150.0, 
                            "type": "note", 
                            "channel": 0
                        }
                    ]
                ], 
                [
                    10052.389556294647, 
                    [
                        {
                            "pitch": 53, 
                            "t0": 10052.389556294647, 
                            "v": 70, 
                            "dur": 300.0, 
                            "type": "note", 
                            "channel": 0
                        }
                    ]
                ], 
                [
                    11231.280013846199, 
                    [
                        {
                            "pitch": 50, 
                            "t0": 11231.280013846199, 
                            "v": 90, 
                            "dur": 300.0, 
                            "type": "note", 
                            "channel": 0
                        }
                    ]
                ], 
                [
                    11802.429007011997, 
                    [
                        {
                            "pitch": 51, 
                            "t0": 11802.429007011997, 
                            "v": 60, 
                            "dur": 150.0, 
                            "type": "note", 
                            "channel": 0
                        }
                    ]
                ], 
                [
                    13448.44258830897, 
                    [
                        {
                            "pitch": 52, 
                            "t0": 13448.44258830897, 
                            "v": 70, 
                            "dur": 150.0, 
                            "type": "note", 
                            "channel": 0
                        }
                    ]
                ], 
                [
                    14493.840041538597, 
                    [
                        {
                            "pitch": 53, 
                            "t0": 14493.840041538597, 
                            "v": 70, 
                            "dur": 300.0, 
                            "type": "note", 
                            "channel": 0
                        }
                    ]
                ], 
                [
                    15501.214503505998, 
                    [
                        {
                            "pitch": 50, 
                            "t0": 15501.214503505998, 
                            "v": 90, 
                            "dur": 300.0, 
                            "type": "note", 
                            "channel": 0
                        }
                    ]
                ], 
                [
                    15991.48827196304, 
                    [
                        {
                            "pitch": 51, 
                            "t0": 15991.48827196304, 
                            "v": 60, 
                            "dur": 150.0, 
                            "type": "note", 
                            "channel": 0
                        }
                    ]
                ], 
                [
                    17412.299435683555, 
                    [
                        {
                            "pitch": 52, 
                            "t0": 17412.299435683555, 
                            "v": 70, 
                            "dur": 150.0, 
                            "type": "note", 
                            "channel": 0
                        }
                    ]
                ], 
                [
                    18320.569159428003, 
                    [
                        {
                            "pitch": 53, 
                            "t0": 18320.569159428003, 
                            "v": 70, 
                            "dur": 300.0, 
                            "type": "note", 
                            "channel": 0
                        }
                    ]
                ], 
                [
                    19200.0, 
                    [
                        {
                            "pitch": 50, 
                            "t0": 19200.0, 
                            "v": 90, 
                            "dur": 300.0, 
                            "type": "note", 
                            "channel": 0
                        }
                    ]
                ], 
                [
                    19629.46201014633, 
                    [
                        {
                            "pitch": 51, 
                            "t0": 19629.46201014633, 
                            "v": 60, 
                            "dur": 150.0, 
                            "type": "note",